TITLE,diR芥锣(ユ)传そq杜R芥_ユ靓姹―-t某基のdBユ
DATADATE,ら戳:114~03る03ら
ALIGN,C,L,C,R,R,R,R,R,R,R,R,R,R,R,R
HEADER,N腹,W嘿,ユ,Μカ,害^,}カ,程蔼,程C,掸计,虫,髅B,А基,ら把基,ら害氨,ら^氨
BODY,"11011","xd@ッ  ","单基","106.75 ","-0.75  ","106.05 ","107.10 ","106.05 ","90      ","485     ","51,752,500    ","106.70 ","106.75 ","117.40 ","96.10  "
BODY,"","","某基","","","","","","","","","","","",""
BODY,"13164","W`|    ","单基","","","","","","","","","127.51 ","126.10 ","138.70 ","113.50 "
BODY,"","","某基","","","","","","","","","","","",""
BODY,"13166","W`せ    ","单基","119.00 ","-2.00  ","120.00 ","120.00 ","119.00 ","2       ","5       ","596,000       ","119.20 ","119.00 ","130.90 ","107.10 "
BODY,"","","某基","","","","","","","","","","","",""
BODY,"13382","s地GKY  ","单基","","","","","","","","","98.84  ","98.65  ","108.50 ","88.80  "
BODY,"","","某基","","","","","","","","","","","",""
BODY,"13421","Ke@    ","单基","","","","","","","","","187.33 ","186.00 ","204.00 ","168.00 "
BODY,"","","某基","","","","","","","","","","","",""
BODY,"140201","环FsE1ッ","单基","106.50 ","+1.90  ","107.00 ","107.00 ","106.00 ","7       ","28      ","2,972,200     ","106.15 ","106.50 ","117.15 ","95.85  "
BODY,"","","某基","","","","","","","","","","","",""
BODY,"140202","环FsE2ッ","单基","","","","","","","","","97.09  ","97.00  ","106.70 ","87.30  "
BODY,"","","某基","","","","","","","","","","","",""
BODY,"14362","地ねpG  ","单基","","","","","","","","","407.00 ","483.00 ","531.00 ","435.00 "
BODY,"","","某基","","","","","","","","","","","",""
BODY,"14363","地ねpT  ","单基","98.50  ","-0.50  ","99.00  ","99.00  ","98.50  ","8       ","38      ","3,747,550     ","98.61  ","98.50  ","108.35 ","88.65  "
BODY,"","","某基","","","","","","","","","","","",""
BODY,"14381","Ta}o@","单基","119.00 ","-10.00 ","130.00 ","130.00 ","119.00 ","2       ","2       ","249,000       ","124.50 ","119.00 ","130.90 ","107.10 "
BODY,"","","某基","","","","","","","","","","","",""
BODY,"15141","ㄈO@    ","单基","","","","","","","","","190.00 ","185.00 ","203.00 ","167.00 "
BODY,"","","某基","","","","","","","","","","","",""
BODY,"15142","ㄈOG    ","单基","110.15 ","-3.85  ","112.00 ","113.00 ","110.05 ","110     ","326     ","36,168,900    ","110.88 ","110.15 ","121.15 ","99.15  "
BODY,"","","某基","110.60 ","-3.40  ","","110.60 ","110.60 ","1       ","65      ","7,189,000     ","","","",""
BODY,"15261","ら梗@    ","单基","","","","","","","","","95.55  ","95.60  ","105.15 ","86.05  "
BODY,"","","某基","","","","","","","","","","","",""
BODY,"15364","Mj|    ","单基","119.00 ","-2.90  ","120.60 ","121.00 ","118.10 ","37      ","102     ","12,170,900    ","119.32 ","119.00 ","130.90 ","107.10 "
BODY,"","","某基","","","","","","","","","","","",""
BODY,"15601","い猡@    ","单基","111.70 ","-4.00  ","113.00 ","113.00 ","111.70 ","48      ","70      ","7,845,250     ","112.07 ","111.70 ","122.85 ","100.55 "
BODY,"","","某基","","","","","","","","","","","",""
BODY,"15864","M对|    ","单基","","","","","","","","","111.70 ","111.70 ","122.85 ","100.55 "
BODY,"","","某基","","","","","","","","","","","",""
BODY,"15865","M对き    ","单基","","","","","","","","","103.00 ","103.00 ","113.30 ","92.70  "
BODY,"","","某基","","","","","","","","","","","",""
BODY,"15893","ッaTKY  ","单基","","","","","","","","","97.00  ","97.80  ","107.55 ","88.05  "
BODY,"","","某基","","","","","","","","","","","",""
BODY,"15894","ッa|KY  ","单基","","","","","","","","","96.95  ","96.95  ","106.60 ","87.30  "
BODY,"","","某基","","","","","","","","","","","",""
BODY,"15952","t_G    ","单基","","","","","","","","","127.05 ","127.05 ","139.75 ","114.35 "
BODY,"","","某基","","","","","","","","","","","",""
BODY,"15984","┃t|    ","单基","100.80 ","+0.80  ","101.00 ","101.00 ","100.50 ","63      ","273     ","27,500,550    ","100.73 ","100.80 ","110.85 ","90.75  "
BODY,"","","某基","","","","","","","","","","","",""
BODY,"15991","Щㄎ乃@  ","单基","","","","","","","","","100.95 ","100.95 ","111.00 ","90.90  "
BODY,"","","某基","","","","","","","","","","","",""
BODY,"16095","jㄈき    ","单基","105.40 ","-0.85  ","106.00 ","106.00 ","105.35 ","7       ","18      ","1,898,450     ","105.46 ","105.40 ","115.90 ","94.90  "
BODY,"","","某基","","","","","","","","","","","",""
BODY,"17271","い地て@  ","单基","","","","","","","","","109.50 ","109.50 ","120.45 ","98.55  "
BODY,"","","某基","","","","","","","","","","","",""
BODY,"17813","X@T    ","单基","","","","","","","","","110.00 ","110.00 ","121.00 ","99.00  "
BODY,"","","某基","","","","","","","","","","","",""
BODY,"17862","歆挨G    ","单基","265.00 ","-6.00  ","262.00 ","265.00 ","262.00 ","4       ","12      ","3,155,000     ","262.91 ","265.00 ","291.00 ","239.00 "
BODY,"","","某基","","","","","","","","","","","",""
BODY,"18156","I踌せ    ","单基","","","","","","","","","240.89 ","245.00 ","269.00 ","221.00 "
BODY,"","","某基","","","","","","","","","","","",""
BODY,"19094","aΘ|    ","单基","","","","","","","","","100.20 ","99.00  ","108.90 ","89.10  "
BODY,"","","某基","","","","","","","","","","","",""
BODY,"20121","KB@    ","单基","","","","","","","","","99.98  ","99.95  ","109.90 ","90.00  "
BODY,"","","某基","","","","","","","","","","","",""
BODY,"20122","KBG    ","单基","","","","","","","","","100.00 ","99.95  ","109.90 ","90.00  "
BODY,"","","某基","","","","","","","","","","","",""
BODY,"20123","KBT    ","单基","","","","","","","","","99.90  ","99.90  ","109.85 ","89.95  "
BODY,"","","某基","","","","","","","","","","","",""
BODY,"20343","すjT    ","单基","127.95 ","-3.05  ","127.00 ","128.00 ","125.00 ","16      ","49      ","6,224,050     ","127.02 ","127.95 ","140.70 ","115.20 "
BODY,"","","某基","","","","","","","","","","","",""
BODY,"20344","すj|    ","单基","","","","","","","","","119.70 ","117.95 ","129.70 ","106.20 "
BODY,"","","某基","","","","","","","","","","","",""
BODY,"20632","@ZG    ","单基","103.55 ","+0.30  ","103.55 ","103.55 ","103.55 ","1       ","1       ","103,550       ","103.55 ","103.55 ","113.90 ","93.20  "
BODY,"","","某基","","","","","","","","","","","",""
BODY,"20652","@伦G    ","单基","111.50 ","-3.00  ","113.00 ","113.00 ","111.50 ","40      ","76      ","8,490,150     ","111.71 ","111.50 ","122.65 ","100.35 "
BODY,"","","某基","","","","","","","","","","","",""
BODY,"20662","@wG    ","单基","116.00 ","-2.00  ","116.00 ","116.00 ","114.00 ","6       ","17      ","1,959,250     ","115.25 ","116.00 ","127.60 ","104.40 "
BODY,"","","某基","","","","","","","","","","","",""
BODY,"21043","瓣悔い倔T","单基","99.90  ","-0.20  ","100.00 ","100.00 ","99.90  ","16      ","77      ","7,699,700     ","99.99  ","99.90  ","109.85 ","89.95  "
BODY,"","","某基","","","","","","","","","","","",""
BODY,"22013","肝订T    ","单基","99.05  ","","99.05  ","99.05  ","99.05  ","1       ","1       ","99,050        ","99.05  ","99.05  ","108.95 ","89.15  "
BODY,"","","某基","","","","","","","","","","","",""
BODY,"22283","C棚T    ","单基","","","","","","","","","117.36 ","118.40 ","130.20 ","106.60 "
BODY,"","","某基","","","","","","","","","","","",""
BODY,"22313","挨嗓T    ","单基","","","","","","","","","100.77 ","100.35 ","110.35 ","90.35  "
BODY,"","","某基","","","","","","","","","","","",""
BODY,"22362","κFGKY  ","单基","","","","","","","","","215.00 ","211.00 ","232.00 ","190.00 "
BODY,"","","某基","","","","","","","","","","","",""
BODY,"22501","IKKA@KY  ","单基","","","","","","","","","172.00 ","172.00 ","189.00 ","155.00 "
BODY,"","","某基","","","","","","","","","","","",""
BODY,"23383","nT    ","单基","98.35  ","","98.35  ","98.35  ","98.35  ","13      ","27      ","2,655,450     ","98.35  ","98.35  ","108.15 ","88.55  "
BODY,"","","某基","","","","","","","","","","","",""
BODY,"23682","鞴彻qG  ","单基","115.75 ","-1.50  ","116.50 ","116.50 ","115.50 ","25      ","157     ","18,253,000    ","116.26 ","115.75 ","127.30 ","104.20 "
BODY,"","","某基","","","","","","","","","","","",""
BODY,"23835","xqき  ","单基","","","","","","","","","263.75 ","269.00 ","295.00 ","243.00 "
BODY,"","","某基","","","","","","","","","","","",""
BODY,"23836","xqせ  ","单基","116.70 ","-1.50  ","117.75 ","118.20 ","116.00 ","44      ","119     ","13,892,900    ","116.72 ","116.70 ","128.35 ","105.05 "
BODY,"","","某基","116.70 ","-1.50  ","","116.70 ","116.70 ","1       ","128     ","14,937,600    ","","","",""
BODY,"23837","xqC  ","单基","131.80 ","-1.50  ","130.10 ","132.95 ","129.70 ","86      ","256     ","33,475,550    ","130.76 ","131.80 ","144.95 ","118.65 "
BODY,"","","某基","","","","","","","","","","","",""
BODY,"24271","T坝q@  ","单基","105.00 ","-1.00  ","105.10 ","105.10 ","105.00 ","10      ","18      ","1,891,000     ","105.05 ","105.00 ","115.50 ","94.50  "
BODY,"","","某基","","","","","","","","","","","",""
BODY,"24361","岸膏q@  ","单基","","","","","","","","","111.97 ","111.90 ","123.05 ","100.75 "
BODY,"","","某基","","","","","","","","","","","",""
BODY,"24394","撺|    ","单基","106.95 ","-0.10  ","107.00 ","107.50 ","106.90 ","42      ","137     ","14,677,150    ","107.13 ","106.95 ","117.60 ","96.30  "
BODY,"","","某基","","","","","","","","","","","",""
BODY,"24395","撙    ","单基","108.40 ","+0.30  ","108.50 ","108.50 ","108.40 ","9       ","19      ","2,060,600     ","108.45 ","108.40 ","119.20 ","97.60  "
BODY,"","","某基","","","","","","","","","","","",""
BODY,"24423","s霍T  ","单基","105.80 ","-0.70  ","106.50 ","106.50 ","105.75 ","23      ","51      ","5,403,900     ","105.95 ","105.80 ","116.35 ","95.25  "
BODY,"","","某基","","","","","","","","","","","",""
BODY,"24424","s霍|  ","单基","106.00 ","-0.80  ","106.00 ","106.00 ","106.00 ","2       ","2       ","212,000       ","106.00 ","106.00 ","116.60 ","95.40  "
BODY,"","","某基","","","","","","","","","","","",""
BODY,"24616","spせ  ","单基","","","","","","","","","149.00 ","149.00 ","163.00 ","134.10 "
BODY,"","","某基","","","","","","","","","","","",""
BODY,"24624","}oq|  ","单基","102.75 ","-2.35  ","102.75 ","102.75 ","102.75 ","1       ","1       ","102,750       ","102.75 ","102.75 ","113.00 ","92.50  "
BODY,"","","某基","","","","","","","","","","","",""
BODY,"24642","幅ミG    ","单基","108.90 ","-2.10  ","110.75 ","110.75 ","107.60 ","7       ","71      ","7,842,950     ","110.46 ","108.90 ","119.75 ","98.05  "
BODY,"","","某基","","","","","","","","","","","",""
BODY,"24762","d不G    ","单基","137.00 ","+3.35  ","129.00 ","137.20 ","129.00 ","12      ","23      ","3,056,700     ","132.90 ","137.00 ","150.00 ","123.30 "
BODY,"","","某基","","","","","","","","","","","",""
BODY,"24866","@膏せ    ","单基","","","","","","","","","114.00 ","114.00 ","125.40 ","102.60 "
BODY,"","","某基","","","","","","","","","","","",""
BODY,"24972","┥QqG  ","单基","","","","","","","","","102.50 ","102.50 ","112.75 ","92.25  "
BODY,"","","某基","","","","","","","","","","","",""
BODY,"25283","哟钉T    ","单基","119.70 ","-0.60  ","120.00 ","120.00 ","119.70 ","4       ","17      ","2,038,500     ","119.91 ","119.70 ","131.65 ","107.75 "
BODY,"","","某基","","","","","","","","","","","",""
BODY,"25284","哟顶|    ","单基","110.00 ","-1.00  ","110.50 ","110.50 ","109.05 ","13      ","26      ","2,855,850     ","109.84 ","110.00 ","121.00 ","99.00  "
BODY,"","","某基","","","","","","","","","","","",""
BODY,"25483","地TT    ","单基","104.55 ","-0.50  ","104.55 ","104.55 ","103.50 ","116     ","226     ","23,507,400    ","104.20 ","104.55 ","115.00 ","94.10  "
BODY,"","","某基","105.05 ","","","105.05 ","105.05 ","1       ","50      ","5,252,500     ","","","",""
BODY,"25484","地T|    ","单基","104.00 ","-1.70  ","105.00 ","105.00 ","103.50 ","39      ","170     ","17,659,150    ","103.87 ","104.00 ","114.40 ","93.60  "
BODY,"","","某基","","","","","","","","","","","",""
BODY,"26107","地瑜C    ","单基","136.00 ","-1.90  ","134.15 ","137.40 ","134.15 ","16      ","43      ","5,819,950     ","135.34 ","136.00 ","149.60 ","122.40 "
BODY,"","","某基","","","","","","","","","","","",""
BODY,"26415","タwき    ","单基","136.00 ","+2.50  ","134.00 ","136.00 ","134.00 ","13      ","85      ","11,524,350    ","135.58 ","136.00 ","149.60 ","122.40 "
BODY,"","","某基","","","","","","","","","","","",""
BODY,"26416","タwせ    ","单基","","","","","","","","","142.00 ","142.05 ","156.00 ","127.85 "
BODY,"","","某基","","","","","","","","","","","",""
BODY,"26417","タwC    ","单基","113.30 ","-0.25  ","113.60 ","113.60 ","112.50 ","50      ","194     ","21,935,750    ","113.07 ","113.30 ","124.60 ","102.00 "
BODY,"","","某基","","","","","","","","","","","",""
BODY,"27271","~@    ","单基","111.70 ","+0.05  ","111.70 ","111.70 ","111.70 ","1       ","1       ","111,700       ","111.70 ","111.70 ","122.85 ","100.55 "
BODY,"","","某基","","","","","","","","","","","",""
BODY,"27323","せàT    ","单基","","","","","","","","","119.00 ","119.00 ","130.90 ","107.10 "
BODY,"","","某基","","","","","","","","","","","",""
BODY,"27551","喘长@    ","单基","126.00 ","","125.00 ","126.90 ","125.00 ","20      ","32      ","4,029,950     ","125.93 ","126.00 ","138.60 ","113.40 "
BODY,"","","某基","","","","","","","","","","","",""
BODY,"27561","po瓣悔@","单基","","","","","","","","","100.50 ","106.50 ","117.15 ","95.85  "
BODY,"","","某基","","","","","","","","","","","",""
BODY,"288701","xsE1  ","单基","103.60 ","-0.30  ","103.80 ","103.80 ","103.35 ","106     ","1,075   ","111,238,950   ","103.47 ","103.60 ","113.95 ","93.25  "
BODY,"","","某基","","","","","","","","","","","",""
BODY,"29051","T坝@    ","单基","","","","","","","","","103.60 ","103.50 ","113.85 ","93.15  "
BODY,"","","某基","","","","","","","","","","","",""
BODY,"29061","蔼L@    ","单基","","","","","","","","","106.41 ","106.45 ","117.05 ","95.85  "
BODY,"","","某基","","","","","","","","","","","",""
BODY,"30061","垂花欷@  ","单基","104.00 ","-0.15  ","104.00 ","104.00 ","104.00 ","5       ","21      ","2,184,000     ","104.00 ","104.00 ","114.40 ","93.60  "
BODY,"","","某基","","","","","","","","","","","",""
BODY,"30134","言皇q|  ","单基","118.15 ","-1.70  ","119.50 ","119.50 ","118.00 ","8       ","11      ","1,301,950     ","118.35 ","118.15 ","129.95 ","106.35 "
BODY,"","","某基","","","","","","","","","","","",""
BODY,"30164","古垂|    ","单基","","","","","","","","","99.60  ","99.65  ","109.60 ","89.70  "
BODY,"","","某基","","","","","","","","","","","",""
BODY,"30165","古垂き    ","单基","","","","","","","","","101.20 ","101.00 ","111.10 ","90.90  "
BODY,"","","某基","","","","","","","","","","","",""
BODY,"30238","HüK    ","单基","118.55 ","-1.30  ","118.60 ","119.00 ","118.50 ","17      ","22      ","2,611,150     ","118.68 ","118.55 ","130.40 ","106.70 "
BODY,"","","某基","","","","","","","","","","","",""
BODY,"30336","掳筏    ","单基","133.50 ","+0.50  ","132.00 ","133.50 ","131.00 ","6       ","7       ","922,050       ","131.72 ","133.50 ","146.85 ","120.15 "
BODY,"","","某基","","","","","","","","","","","",""
BODY,"30337","掳筏C    ","单基","107.45 ","-0.55  ","107.10 ","107.45 ","107.00 ","13      ","37      ","3,959,950     ","107.02 ","107.45 ","118.15 ","96.75  "
BODY,"","","某基","","","","","","","","","","","",""
BODY,"30454","xWj|  ","单基","100.25 ","-0.05  ","100.30 ","100.80 ","100.20 ","137     ","1,685   ","169,182,500   ","100.40 ","100.25 ","110.25 ","90.25  "
BODY,"","","某基","","","","","","","","","","","",""
BODY,"30455","xWjき  ","单基","103.65 ","+0.20  ","103.30 ","104.20 ","103.30 ","135     ","1,303   ","135,167,650   ","103.73 ","103.65 ","114.00 ","93.30  "
BODY,"","","某基","","","","","","","","","","","",""
BODY,"30882","惆TG    ","单基","148.25 ","-0.75  ","148.00 ","150.00 ","147.00 ","15      ","75      ","11,099,400    ","147.99 ","148.25 ","163.00 ","133.45 "
BODY,"","","某基","","","","","","","","","","","",""
BODY,"30922","E河G    ","单基","","","","","","","","","100.05 ","100.20 ","110.20 ","90.20  "
BODY,"","","某基","","","","","","","","","","","",""
BODY,"30954","のΘ|    ","单基","122.30 ","-0.70  ","120.25 ","122.30 ","120.25 ","7       ","7       ","852,650       ","121.80 ","122.30 ","134.50 ","110.10 "
BODY,"","","某基","","","","","","","","","","","",""
BODY,"31222","财uG    ","单基","","","","","","","","","99.50  ","98.00  ","107.80 ","88.20  "
BODY,"","","某基","","","","","","","","","","","",""
BODY,"31282","@UG    ","单基","99.50  ","+0.25  ","99.30  ","99.50  ","99.30  ","3       ","14      ","1,391,000     ","99.35  ","99.50  ","109.45 ","89.55  "
BODY,"","","某基","","","","","","","","","","","",""
BODY,"31382","模nG    ","单基","109.50 ","+0.20  ","109.50 ","111.00 ","109.50 ","6       ","13      ","1,432,400     ","110.18 ","109.50 ","120.45 ","98.55  "
BODY,"","","某基","","","","","","","","","","","",""
BODY,"31413","垂ЩT    ","单基","","","","","","","","","107.85 ","107.85 ","118.60 ","97.10  "
BODY,"","","某基","","","","","","","","","","","",""
BODY,"32071","模秤@    ","单基","","","","","","","","","129.15 ","129.00 ","141.90 ","116.10 "
BODY,"","","某基","","","","","","","","","","","",""
BODY,"32094","欹|    ","单基","","","","","","","","","129.76 ","134.65 ","148.10 ","121.20 "
BODY,"","","某基","","","","","","","","","","","",""
BODY,"32571","iaq@  ","单基","","","","","","","","","107.03 ","107.20 ","117.90 ","96.50  "
BODY,"","","某基","","","","","","","","","","","",""
BODY,"32723","F河T    ","单基","","","","","","","","","98.00  ","97.50  ","107.25 ","87.75  "
BODY,"","","某基","","","","","","","","","","","",""
BODY,"33035","┃Wき    ","单基","110.00 ","","110.00 ","111.00 ","110.00 ","13      ","33      ","3,643,000     ","110.39 ","110.00 ","121.00 ","99.00  "
BODY,"","","某基","","","","","","","","","","","",""
BODY,"33055","@Tき    ","单基","113.50 ","-1.45  ","114.00 ","114.20 ","113.50 ","5       ","7       ","797,800       ","113.97 ","113.50 ","124.85 ","102.15 "
BODY,"","","某基","","","","","","","","","","","",""
BODY,"33101","ㄎo@    ","单基","","","","","","","","","374.00 ","374.00 ","411.00 ","337.00 "
BODY,"","","某基","","","","","","","","","","","",""
BODY,"33121","グ拘绚@  ","单基","","","","","","","","","105.05 ","104.90 ","115.35 ","94.45  "
BODY,"","","某基","","","","","","","","","","","",""
BODY,"33133","创ΘT    ","单基","109.40 ","-1.10  ","109.00 ","109.40 ","109.00 ","3       ","4       ","437,200       ","109.30 ","109.40 ","120.30 ","98.50  "
BODY,"","","某基","","","","","","","","","","","",""
BODY,"33224","氐瞎q|  ","单基","101.20 ","","101.20 ","101.20 ","101.20 ","3       ","5       ","506,000       ","101.20 ","101.20 ","111.30 ","91.10  "
BODY,"","","某基","","","","","","","","","","","",""
BODY,"33225","氐瞎qき  ","单基","","","","","","","","","97.55  ","97.50  ","107.25 ","87.75  "
BODY,"","","某基","","","","","","","","","","","",""
BODY,"33233","[κ肝T  ","单基","111.30 ","-3.20  ","112.50 ","112.50 ","111.30 ","3       ","27      ","3,006,300     ","111.34 ","111.30 ","122.40 ","100.20 "
BODY,"","","某基","","","","","","","","","","","",""
BODY,"33244","蛮E|    ","单基","311.00 ","","311.00 ","311.00 ","311.00 ","1       ","71      ","22,081,000    ","311.00 ","311.00 ","342.00 ","280.00 "
BODY,"","","某基","","","","","","","","","","","",""
BODY,"33245","蛮Eき    ","单基","","","","","","","","","122.34 ","120.00 ","132.00 ","108.00 "
BODY,"","","某基","","","","","","","","","","","",""
BODY,"33465","RMき    ","单基","","","","","","","","","101.95 ","101.95 ","112.10 ","91.80  "
BODY,"","","某基","","","","","","","","","","","",""
BODY,"33466","RMせ    ","单基","","","","","","","","","102.00 ","102.00 ","112.20 ","91.80  "
BODY,"","","某基","","","","","","","","","","","",""
BODY,"33571","Oy欷@  ","单基","","","","","","","","","120.02 ","118.60 ","130.45 ","106.75 "
BODY,"","","某基","","","","","","","","","","","",""
BODY,"33621","i@  ","单基","","","","","","","","","113.56 ","112.70 ","123.95 ","101.45 "
BODY,"","","某基","","","","","","","","","","","",""
BODY,"33763","sら砍T  ","单基","137.65 ","-2.15  ","137.00 ","138.50 ","134.50 ","54      ","84      ","11,526,350    ","137.21 ","137.65 ","151.00 ","123.90 "
BODY,"","","某基","","","","","","","","","","","",""
BODY,"33881","RVq@  ","单基","","","","","","","","","107.40 ","107.15 ","117.85 ","96.45  "
BODY,"","","某基","","","","","","","","","","","",""
BODY,"33902","ΠnG    ","单基","118.90 ","+1.40  ","118.10 ","119.20 ","118.00 ","108     ","538     ","63,793,550    ","118.52 ","118.90 ","130.75 ","107.05 "
BODY,"","","某基","118.90 ","+1.40  ","","118.90 ","118.10 ","7       ","690     ","81,761,000    ","","","",""
BODY,"34132","ㄊ供G    ","单基","","","","","","","","","197.00 ","196.00 ","215.00 ","177.00 "
BODY,"","","某基","","","","","","","","","","","",""
BODY,"34163","磕{qT  ","单基","130.00 ","-2.50  ","130.10 ","130.50 ","130.00 ","7       ","12      ","1,562,900     ","130.24 ","130.00 ","143.00 ","117.00 "
BODY,"","","某基","","","","","","","","","","","",""
BODY,"34341","酴T@    ","单基","108.60 ","+0.10  ","108.50 ","108.70 ","108.00 ","13      ","15      ","1,627,150     ","108.47 ","108.60 ","119.45 ","97.75  "
BODY,"","","某基","","","","","","","","","","","",""
BODY,"34654","i豕ql|","单基","100.10 ","","100.10 ","100.10 ","100.10 ","1       ","14      ","1,401,400     ","100.10 ","100.10 ","110.10 ","90.10  "
BODY,"","","某基","","","","","","","","","","","",""
BODY,"34793","w对T    ","单基","114.30 ","-1.80  ","114.30 ","114.30 ","114.30 ","1       ","1       ","114,300       ","114.30 ","114.30 ","125.70 ","102.90 "
BODY,"","","某基","","","","","","","","","","","",""
BODY,"34834","OP|    ","单基","","","","","","","","","119.74 ","119.70 ","131.65 ","107.75 "
BODY,"","","某基","","","","","","","","","","","",""
BODY,"34843","]乃T    ","单基","142.30 ","-6.65  ","144.60 ","144.60 ","138.70 ","14      ","27      ","3,822,000     ","141.55 ","142.30 ","156.00 ","128.10 "
BODY,"","","某基","","","","","","","","","","","",""
BODY,"34912","@F欷G  ","单基","146.50 ","+2.50  ","140.50 ","146.95 ","140.40 ","26      ","45      ","6,457,050     ","143.49 ","146.50 ","161.00 ","131.85 "
BODY,"","","某基","","","","","","","","","","","",""
BODY,"35161","ㄈ壹冥@  ","单基","109.50 ","+0.60  ","110.00 ","114.05 ","109.50 ","44      ","98      ","11,006,100    ","112.30 ","109.50 ","120.45 ","98.55  "
BODY,"","","某基","","","","","","","","","","","",""
BODY,"35181","f乃@    ","单基","104.15 ","-0.35  ","104.10 ","104.15 ","104.00 ","4       ","12      ","1,248,800     ","104.06 ","104.15 ","114.55 ","93.75  "
BODY,"","","某基","","","","","","","","","","","",""
BODY,"35221","s岜@    ","单基","","","","","","","","","123.20 ","123.00 ","135.30 ","110.70 "
BODY,"","","某基","","","","","","","","","","","",""
BODY,"35265","Zヒき    ","单基","","","","","","","","","170.85 ","172.00 ","189.00 ","155.00 "
BODY,"","","某基","","","","","","","","","","","",""
BODY,"35266","Zヒせ    ","单基","135.60 ","-2.65  ","135.50 ","135.60 ","133.05 ","15      ","37      ","4,978,100     ","134.54 ","135.60 ","149.15 ","122.05 "
BODY,"","","某基","","","","","","","","","","","",""
BODY,"35482","QG    ","单基","111.85 ","-0.10  ","111.95 ","112.00 ","109.60 ","10      ","23      ","2,549,700     ","110.85 ","111.85 ","123.00 ","100.70 "
BODY,"","","某基","","","","","","","","","","","",""
BODY,"35483","QT    ","单基","112.80 ","-2.00  ","112.60 ","113.00 ","112.40 ","16      ","58      ","6,532,200     ","112.62 ","112.80 ","124.05 ","101.55 "
BODY,"","","某基","","","","","","","","","","","",""
BODY,"35642","ㄤ锭G    ","单基","","","","","","","","","106.80 ","110.90 ","121.95 ","99.85  "
BODY,"","","某基","","","","","","","","","","","",""
BODY,"35831","ǒ肖@    ","单基","109.00 ","-2.95  ","111.60 ","111.60 ","108.80 ","4       ","5       ","547,200       ","109.44 ","109.00 ","119.90 ","98.10  "
BODY,"","","某基","","","","","","","","","","","",""
BODY,"35832","ǒ肖G    ","单基","111.00 ","-1.60  ","112.00 ","112.00 ","110.10 ","57      ","147     ","16,284,100    ","110.86 ","111.00 ","122.10 ","99.90  "
BODY,"","","某基","111.00 ","-1.60  ","","111.00 ","111.00 ","1       ","95      ","10,545,000    ","","","",""
BODY,"35871","叮d@    ","单基","117.00 ","-3.00  ","117.00 ","117.00 ","117.00 ","1       ","1       ","117,000       ","117.00 ","117.00 ","128.70 ","105.30 "
BODY,"","","某基","","","","","","","","","","","",""
BODY,"35914","悴么衰|  ","单基","","","","","","","","","116.00 ","116.00 ","127.60 ","104.40 "
BODY,"","","某基","","","","","","","","","","","",""
BODY,"36053","ЩPT    ","单基","117.70 ","-7.75  ","122.15 ","122.15 ","117.70 ","48      ","83      ","9,883,500     ","119.07 ","117.70 ","129.45 ","105.95 "
BODY,"","","某基","","","","","","","","","","","",""
BODY,"36451","F邻@    ","单基","133.65 ","-5.35  ","138.30 ","138.30 ","133.00 ","13      ","23      ","3,084,150     ","134.09 ","133.65 ","147.00 ","120.30 "
BODY,"","","某基","","","","","","","","","","","",""
BODY,"36804","an|    ","单基","","","","","","","","","137.87 ","138.00 ","151.00 ","124.20 "
BODY,"","","某基","","","","","","","","","","","",""
BODY,"36871","稼RЪ@  ","单基","","","","","","","","","100.40 ","100.05 ","110.05 ","90.05  "
BODY,"","","某基","","","","","","","","","","","",""
BODY,"36894","撮w|    ","单基","159.00 ","-6.00  ","159.00 ","159.00 ","156.00 ","5       ","11      ","1,729,000     ","157.18 ","159.00 ","174.00 ","143.10 "
BODY,"","","某基","","","","","","","","","","","",""
BODY,"36913","河ポT    ","单基","100.70 ","+0.10  ","100.60 ","100.70 ","100.50 ","9       ","22      ","2,211,300     ","100.51 ","100.70 ","110.75 ","90.65  "
BODY,"","","某基","","","","","","","","","","","",""
BODY,"37012","j渤北G  ","单基","","","","","","","","","100.93 ","100.90 ","110.95 ","90.85  "
BODY,"","","某基","","","","","","","","","","","",""
BODY,"37022","jpjG  ","单基","102.45 ","-1.05  ","102.75 ","102.75 ","101.50 ","52      ","173     ","17,642,350    ","101.97 ","102.45 ","112.65 ","92.25  "
BODY,"","","某基","","","","","","","","","","","",""
BODY,"37023","jpjT  ","单基","103.35 ","-1.50  ","103.00 ","103.80 ","102.80 ","53      ","151     ","15,543,600    ","102.93 ","103.35 ","113.65 ","93.05  "
BODY,"","","某基","","","","","","","","","","","",""
BODY,"37074","~U|    ","单基","99.60  ","","99.60  ","99.60  ","99.60  ","1       ","1       ","99,600        ","99.60  ","99.60  ","109.55 ","89.65  "
BODY,"","","某基","","","","","","","","","","","",""
BODY,"37083","Wnщ北T","单基","","","","","","","","","109.08 ","108.15 ","118.95 ","97.35  "
BODY,"","","某基","","","","","","","","","","","",""
BODY,"37084","Wnщ北|","单基","","","","","","","","","122.30 ","115.00 ","126.50 ","103.50 "
BODY,"","","某基","","","","","","","","","","","",""
BODY,"37131","s垂щ北@","单基","","","","","","","","","101.00 ","97.50  ","107.25 ","87.75  "
BODY,"","","某基","","","","","","","","","","","",""
BODY,"41234","言w|    ","单基","100.80 ","+0.40  ","100.80 ","100.80 ","100.80 ","1       ","2       ","201,600       ","100.80 ","100.80 ","110.85 ","90.75  "
BODY,"","","某基","","","","","","","","","","","",""
BODY,"41235","言wき    ","单基","101.00 ","+0.50  ","101.00 ","101.00 ","101.00 ","2       ","5       ","505,000       ","101.00 ","101.00 ","111.10 ","90.90  "
BODY,"","","某基","","","","","","","","","","","",""
BODY,"41236","言wせ    ","单基","112.05 ","+0.05  ","112.00 ","112.50 ","112.00 ","4       ","8       ","898,000       ","112.25 ","112.05 ","123.25 ","100.85 "
BODY,"","","某基","","","","","","","","","","","",""
BODY,"41237","言wC    ","单基","105.80 ","-0.30  ","104.30 ","106.00 ","104.30 ","4       ","4       ","420,600       ","105.15 ","105.80 ","116.35 ","95.25  "
BODY,"","","某基","","","","","","","","","","","",""
BODY,"41372","R伦GKY  ","单基","102.00 ","-0.55  ","102.00 ","102.00 ","102.00 ","1       ","5       ","510,000       ","102.00 ","102.00 ","112.20 ","91.80  "
BODY,"","","某基","","","","","","","","","","","",""
BODY,"41481","tネм@KY","单基","98.45  ","","98.10  ","98.45  ","98.10  ","3       ","6       ","589,300       ","98.21  ","98.45  ","108.25 ","88.65  "
BODY,"","","某基","","","","","","","","","","","",""
BODY,"41553","TMT    ","单基","","","","","","","","","106.10 ","104.40 ","114.80 ","94.00  "
BODY,"","","某基","","","","","","","","","","","",""
BODY,"41644","┯~洛|  ","单基","126.00 ","-2.50  ","128.00 ","128.00 ","124.50 ","14      ","31      ","3,954,300     ","127.55 ","126.00 ","138.60 ","113.40 "
BODY,"","","某基","","","","","","","","","","","",""
BODY,"41683","赁pT    ","单基","","","","","","","","","103.10 ","103.10 ","113.40 ","92.80  "
BODY,"","","某基","","","","","","","","","","","",""
BODY,"41903","醯nTKY  ","单基","","","","","","","","","95.00  ","95.05  ","104.55 ","85.55  "
BODY,"","","某基","","","","","","","","","","","",""
BODY,"44163","T蛾T    ","单基","115.30 ","-1.90  ","115.30 ","115.30 ","115.30 ","1       ","1       ","115,300       ","115.30 ","115.30 ","126.80 ","103.80 "
BODY,"","","某基","115.30 ","-1.90  ","","115.30 ","115.30 ","1       ","11      ","1,268,300     ","","","",""
BODY,"44382","sVG    ","单基","105.80 ","+0.30  ","105.50 ","106.00 ","105.35 ","19      ","117     ","12,348,850    ","105.54 ","105.80 ","116.35 ","95.25  "
BODY,"","","某基","","","","","","","","","","","",""
BODY,"44391","aP@KY  ","单基","102.30 ","","102.70 ","102.90 ","102.30 ","121     ","427     ","43,827,550    ","102.64 ","102.30 ","112.50 ","92.10  "
BODY,"","","某基","","","","","","","","","","","",""
BODY,"45102","蔼WG    ","单基","113.00 ","-4.90  ","116.85 ","118.00 ","113.00 ","192     ","1,265   ","147,012,000   ","116.21 ","113.00 ","124.30 ","101.70 "
BODY,"","","某基","","","","","","","","","","","",""
BODY,"45381","j碟挨@  ","单基","","","","","","","","","102.05 ","102.30 ","112.50 ","92.10  "
BODY,"","","某基","","","","","","","","","","","",""
BODY,"45401","y肚笆@","单基","144.15 ","-9.85  ","144.15 ","144.15 ","144.15 ","1       ","1       ","144,150       ","144.15 ","144.15 ","158.00 ","129.75 "
BODY,"","","某基","","","","","","","","","","","",""
BODY,"45402","y肚笆G","单基","","","","","","","","","160.00 ","160.00 ","176.00 ","144.00 "
BODY,"","","某基","","","","","","","","","","","",""
BODY,"45421","戾i@    ","单基","","","","","","","","","104.10 ","104.10 ","114.50 ","93.70  "
BODY,"","","某基","","","","","","","","","","","",""
BODY,"45491","俟F@    ","单基","113.50 ","+1.85  ","112.00 ","113.50 ","112.00 ","2       ","11      ","1,233,500     ","112.13 ","113.50 ","124.85 ","102.15 "
BODY,"","","某基","","","","","","","","","","","",""
BODY,"45553","馥撙T    ","单基","104.50 ","-0.50  ","104.50 ","104.50 ","104.50 ","3       ","3       ","313,500       ","104.50 ","104.50 ","114.95 ","94.05  "
BODY,"","","某基","","","","","","","","","","","",""
BODY,"45641","じ厕@    ","单基","","","","","","","","","104.21 ","104.30 ","114.70 ","93.90  "
BODY,"","","某基","","","","","","","","","","","",""
BODY,"45663","珊婴u~T","单基","","","","","","","","","152.00 ","147.00 ","161.00 ","132.30 "
BODY,"","","某基","","","","","","","","","","","",""
BODY,"45691","せよ欷@KY","单基","108.00 ","","105.00 ","108.00 ","105.00 ","5       ","10      ","1,063,400     ","106.34 ","108.00 ","118.80 ","97.20  "
BODY,"","","某基","","","","","","","","","","","",""
BODY,"45721","ns@    ","单基","114.00 ","-1.50  ","114.50 ","114.50 ","114.00 ","4       ","7       ","799,000       ","114.14 ","114.00 ","125.40 ","102.60 "
BODY,"","","某基","","","","","","","","","","","",""
BODY,"45801","倍y恢~@","单基","","","","","","","","","115.20 ","114.80 ","126.25 ","103.35 "
BODY,"","","某基","","","","","","","","","","","",""
BODY,"47393","d炊T    ","单基","","","","","","","","","104.44 ","104.00 ","114.40 ","93.60  "
BODY,"","","某基","","","","","","","","","","","",""
BODY,"47442","颖NG    ","单基","","","","","","","","","101.50 ","102.50 ","112.75 ","92.25  "
BODY,"","","某基","","","","","","","","","","","",""
BODY,"47471","jネ@    ","单基","","","","","","","","","154.00 ","138.00 ","151.00 ","124.20 "
BODY,"","","某基","","","","","","","","","","","",""
BODY,"49066","タゅせ    ","单基","120.00 ","-2.50  ","120.55 ","121.00 ","120.00 ","3       ","3       ","361,550       ","120.51 ","120.00 ","132.00 ","108.00 "
BODY,"","","某基","","","","","","","","","","","",""
BODY,"49163","ㄆY欷T  ","单基","","","","","","","","","195.00 ","195.00 ","214.00 ","176.00 "
BODY,"","","某基","","","","","","","","","","","",""
BODY,"49164","ㄆY欹|  ","单基","147.40 ","-2.60  ","149.00 ","152.00 ","141.20 ","58      ","82      ","12,056,700    ","147.03 ","147.40 ","162.00 ","132.70 "
BODY,"","","某基","","","","","","","","","","","",""
BODY,"49681","ミn@    ","单基","","","","","","","","","145.24 ","147.30 ","162.00 ","132.60 "
BODY,"","","某基","","","","","","","","","","","",""
BODY,"49712","IETGKY   ","单基","272.00 ","+5.00  ","272.00 ","272.00 ","272.00 ","3       ","50      ","13,600,000    ","272.00 ","272.00 ","299.00 ","245.00 "
BODY,"","","某基","","","","","","","","","","","",""
BODY,"49793","地PT  ","单基","120.00 ","-0.25  ","119.00 ","120.00 ","119.00 ","3       ","4       ","479,000       ","119.75 ","120.00 ","132.00 ","108.00 "
BODY,"","","某基","","","","","","","","","","","",""
BODY,"49794","地P|  ","单基","116.00 ","-1.15  ","117.15 ","117.15 ","116.00 ","5       ","5       ","583,950       ","116.79 ","116.00 ","127.60 ","104.40 "
BODY,"","","某基","","","","","","","","","","","",""
BODY,"50097","a瑜C    ","单基","109.50 ","-0.35  ","109.00 ","109.50 ","108.60 ","11      ","51      ","5,560,500     ","109.02 ","109.50 ","120.45 ","98.55  "
BODY,"","","某基","","","","","","","","","","","",""
BODY,"50114","[锭|    ","单基","101.90 ","-1.30  ","103.50 ","103.50 ","101.90 ","2       ","2       ","205,400       ","102.70 ","101.90 ","112.05 ","91.75  "
BODY,"","","某基","","","","","","","","","","","",""
BODY,"52091","s供@    ","单基","","","","","","","","","116.00 ","117.00 ","128.70 ","105.30 "
BODY,"","","某基","","","","","","","","","","","",""
BODY,"52121","夂簸@    ","单基","104.50 ","","104.50 ","104.50 ","104.50 ","1       ","1       ","104,500       ","104.50 ","104.50 ","114.95 ","94.05  "
BODY,"","","某基","","","","","","","","","","","",""
BODY,"52251","F欷@KY  ","单基","","","","","","","","","384.00 ","409.00 ","449.00 ","369.00 "
BODY,"","","某基","","","","","","","","","","","",""
BODY,"52303","p裁J厩T","单基","","","","","","","","","132.95 ","128.90 ","141.75 ","116.05 "
BODY,"","","某基","","","","","","","","","","","",""
BODY,"52441","グ惩@    ","单基","104.10 ","-0.90  ","104.50 ","104.50 ","104.10 ","3       ","8       ","834,000       ","104.25 ","104.10 ","114.50 ","93.70  "
BODY,"","","某基","","","","","","","","","","","",""
BODY,"52451","醇垂@    ","单基","","","","","","","","","99.50  ","99.50  ","109.45 ","89.55  "
BODY,"","","某基","","","","","","","","","","","",""
BODY,"52452","醇垂G    ","单基","97.30  ","-0.50  ","97.30  ","97.30  ","97.30  ","1       ","1       ","97,300        ","97.30  ","97.30  ","107.00 ","87.60  "
BODY,"","","某基","","","","","","","","","","","",""
BODY,"52633","醇QT    ","单基","","","","","","","","","145.66 ","155.00 ","170.00 ","139.50 "
BODY,"","","某基","","","","","","","","","","","",""
BODY,"52635","醇Qき    ","单基","119.00 ","-2.90  ","119.00 ","119.00 ","119.00 ","1       ","1       ","119,000       ","119.00 ","119.00 ","130.90 ","107.10 "
BODY,"","","某基","","","","","","","","","","","",""
BODY,"52843","jppTKY   ","单基","","","","","","","","","114.00 ","114.00 ","125.40 ","102.60 "
BODY,"","","某基","","","","","","","","","","","",""
BODY,"52881","伦不@KY  ","单基","","","","","","","","","140.00 ","136.00 ","149.60 ","122.40 "
BODY,"","","某基","","","","","","","","","","","",""
BODY,"53064","鄯|    ","单基","","","","","","","","","109.96 ","109.75 ","120.70 ","98.80  "
BODY,"","","某基","","","","","","","","","","","",""
BODY,"53095","t参qき  ","单基","","","","","","","","","115.00 ","113.00 ","124.30 ","101.70 "
BODY,"","","某基","","","","","","","","","","","",""
BODY,"53211","τе@  ","单基","96.70  ","","96.70  ","96.70  ","96.70  ","4       ","5       ","483,500       ","96.70  ","96.70  ","106.35 ","87.05  "
BODY,"","","某基","","","","","","","","","","","",""
BODY,"53513","啾承T    ","单基","","","","","","","","","100.00 ","100.00 ","110.00 ","90.00  "
BODY,"","","某基","","","","","","","","","","","",""
BODY,"53887","いUC    ","单基","114.15 ","-0.35  ","114.95 ","115.00 ","114.15 ","52      ","165     ","18,923,250    ","114.68 ","114.15 ","125.55 ","102.75 "
BODY,"","","某基","","","","","","","","","","","",""
BODY,"54342","RVG    ","单基","148.10 ","-5.90  ","147.80 ","148.10 ","147.80 ","5       ","8       ","1,182,900     ","147.86 ","148.10 ","162.00 ","133.30 "
BODY,"","","某基","","","","","","","","","","","",""
BODY,"54501","n}@    ","单基","113.65 ","+1.20  ","111.05 ","113.65 ","111.05 ","3       ","3       ","336,700       ","112.23 ","113.65 ","125.00 ","102.30 "
BODY,"","","某基","","","","","","","","","","","",""
BODY,"54573","偶wT    ","单基","","","","","","","","","100.22 ","101.60 ","111.75 ","91.45  "
BODY,"","","某基","","","","","","","","","","","",""
BODY,"55433","俟─TKY  ","单基","","","","","","","","","101.52 ","111.05 ","122.15 ","99.95  "
BODY,"","","某基","","","","","","","","","","","",""
BODY,"55434","俟━|KY  ","单基","","","","","","","","","98.00  ","99.00  ","108.90 ","89.10  "
BODY,"","","某基","","","","","","","","","","","",""
BODY,"56086","|蝴瑜  ","单基","113.40 ","-1.75  ","113.00 ","113.40 ","112.00 ","20      ","26      ","2,930,200     ","112.70 ","113.40 ","124.70 ","102.10 "
BODY,"","","某基","","","","","","","","","","","",""
BODY,"56087","|蝴瑜C  ","单基","119.50 ","-3.50  ","120.00 ","120.00 ","118.00 ","30      ","80      ","9,526,600     ","119.08 ","119.50 ","131.45 ","107.55 "
BODY,"","","某基","","","","","","","","","","","",""
BODY,"59055","nく打|  ","单基","","","","","","","","","117.00 ","123.00 ","135.30 ","110.70 "
BODY,"","","某基","","","","","","","","","","","",""
BODY,"60151","Щ环靡@  ","单基","","","","","","","","","96.85  ","96.85  ","106.50 ","87.20  "
BODY,"","","某基","","","","","","","","","","","",""
BODY,"60152","Щ环靡G  ","单基","","","","","","","","","110.00 ","110.00 ","121.00 ","99.00  "
BODY,"","","某基","","","","","","","","","","","",""
BODY,"61041","承暴@    ","单基","","","","","","","","","135.14 ","135.30 ","148.80 ","121.80 "
BODY,"","","某基","","","","","","","","","","","",""
BODY,"61112","jt戈G  ","单基","99.90  ","-1.10  ","101.45 ","101.50 ","99.90  ","37      ","58      ","5,830,200     ","100.52 ","99.90  ","109.85 ","89.95  "
BODY,"","","某基","","","","","","","","","","","",""
BODY,"61171","锛s@    ","单基","","","","","","","","","112.44 ","113.00 ","124.30 ","101.70 "
BODY,"","","某基","","","","","","","","","","","",""
BODY,"61255","sBき    ","单基","103.00 ","-0.60  ","103.00 ","103.00 ","103.00 ","1       ","1       ","103,000       ","103.00 ","103.00 ","113.30 ","92.70  "
BODY,"","","某基","","","","","","","","","","","",""
BODY,"61263","H丹T    ","单基","","","","","","","","","110.00 ","114.50 ","125.95 ","103.05 "
BODY,"","","某基","","","","","","","","","","","",""
BODY,"61342","UΠG    ","单基","","","","","","","","","142.00 ","142.00 ","156.00 ","127.80 "
BODY,"","","某基","","","","","","","","","","","",""
BODY,"61394","ㄈ稻|    ","单基","159.00 ","-8.00  ","162.00 ","162.00 ","158.00 ","5       ","5       ","799,000       ","159.80 ","159.00 ","174.00 ","143.10 "
BODY,"","","某基","","","","","","","","","","","",""
BODY,"61506","举Tせ    ","单基","98.20  ","-0.60  ","99.45  ","99.45  ","98.20  ","7       ","7       ","693,800       ","99.11  ","98.20  ","108.00 ","88.40  "
BODY,"","","某基","","","","","","","","","","","",""
BODY,"61793","ㄈqT    ","单基","","","","","","","","","100.00 ","100.00 ","110.00 ","90.00  "
BODY,"","","某基","","","","","","","","","","","",""
BODY,"61794","ㄈq|    ","单基","103.00 ","-1.60  ","103.10 ","103.10 ","103.00 ","10      ","14      ","1,442,100     ","103.00 ","103.00 ","113.30 ","92.70  "
BODY,"","","某基","","","","","","","","","","","",""
BODY,"61827","X垂C    ","单基","","","","","","","","","102.95 ","96.90  ","106.55 ","87.25  "
BODY,"","","某基","","","","","","","","","","","",""
BODY,"61828","X垂K    ","单基","","","","","","","","","96.93  ","96.50  ","106.15 ","86.85  "
BODY,"","","某基","","","","","","","","","","","",""
BODY,"61843","j伦qT  ","单基","102.45 ","+0.10  ","102.50 ","102.50 ","102.00 ","43      ","181     ","18,495,900    ","102.18 ","102.45 ","112.65 ","92.25  "
BODY,"","","某基","","","","","","","","","","","",""
BODY,"61875","U柬き    ","单基","","","","","","","","","144.28 ","139.00 ","152.00 ","125.10 "
BODY,"","","某基","","","","","","","","","","","",""
BODY,"61894","伦美|    ","单基","","","","","","","","","144.50 ","146.80 ","161.00 ","132.15 "
BODY,"","","某基","","","","","","","","","","","",""
BODY,"61906","U醅欷  ","单基","115.50 ","-2.50  ","115.70 ","116.00 ","115.00 ","6       ","8       ","924,700       ","115.58 ","115.50 ","127.05 ","103.95 "
BODY,"","","某基","","","","","","","","","","","",""
BODY,"61965","|扭    ","单基","120.00 ","-0.90  ","119.00 ","120.00 ","119.00 ","8       ","14      ","1,674,450     ","119.60 ","120.00 ","132.00 ","108.00 "
BODY,"","","某基","","","","","","","","","","","",""
BODY,"61973","ㄎゲXT  ","单基","112.35 ","-1.95  ","113.00 ","113.00 ","110.85 ","11      ","21      ","2,334,500     ","111.16 ","112.35 ","123.55 ","101.15 "
BODY,"","","某基","","","","","","","","","","","",""
BODY,"62235","舄郡    ","单基","113.40 ","-1.00  ","113.85 ","114.00 ","113.05 ","50      ","208     ","23,614,300    ","113.52 ","113.40 ","124.70 ","102.10 "
BODY,"","","某基","113.40 ","-1.00  ","","113.40 ","113.40 ","1       ","14      ","1,587,600     ","","","",""
BODY,"62433","ǔNT    ","单基","","","","","","","","","95.60  ","95.60  ","105.15 ","86.05  "
BODY,"","","某基","","","","","","","","","","","",""
BODY,"62695","xpき    ","单基","105.00 ","-0.25  ","105.10 ","105.20 ","105.00 ","15      ","44      ","4,623,100     ","105.07 ","105.00 ","115.50 ","94.50  "
BODY,"","","某基","","","","","","","","","","","",""
BODY,"62696","xpせ    ","单基","103.60 ","-0.40  ","103.60 ","103.60 ","103.60 ","1       ","2       ","207,200       ","103.60 ","103.60 ","113.95 ","93.25  "
BODY,"","","某基","","","","","","","","","","","",""
BODY,"62744","x嵇|    ","单基","114.55 ","-2.00  ","116.55 ","116.55 ","114.35 ","18      ","36      ","4,133,300     ","114.81 ","114.55 ","126.00 ","103.10 "
BODY,"","","某基","","","","","","","","","","","",""
BODY,"62756","じsせ    ","单基","","","","","","","","","186.00 ","186.00 ","204.00 ","168.00 "
BODY,"","","某基","","","","","","","","","","","",""
BODY,"62791","Js@    ","单基","","","","","","","","","136.55 ","136.40 ","150.00 ","122.80 "
BODY,"","","某基","","","","","","","","","","","",""
BODY,"62822","d滴G    ","单基","103.30 ","","103.30 ","103.30 ","103.30 ","1       ","15      ","1,549,500     ","103.30 ","103.30 ","113.60 ","93.00  "
BODY,"","","某基","","","","","","","","","","","",""
BODY,"62843","ㄎüT    ","单基","112.25 ","-3.75  ","112.15 ","112.25 ","112.15 ","2       ","3       ","336,550       ","112.18 ","112.25 ","123.45 ","101.05 "
BODY,"","","某基","","","","","","","","","","","",""
BODY,"62884","p古|    ","单基","","","","","","","","","102.00 ","102.00 ","112.20 ","91.80  "
BODY,"","","某基","","","","","","","","","","","",""
BODY,"62909","}蝴E    ","单基","","","","","","","","","167.50 ","168.00 ","184.00 ","152.00 "
BODY,"","","某基","","","","","","","","","","","",""
BODY,"64144","眷~|    ","单基","","","","","","","","","152.00 ","165.00 ","181.00 ","148.50 "
BODY,"","","某基","","","","","","","","","","","",""
BODY,"64145","眷~き    ","单基","117.80 ","-2.50  ","119.00 ","119.00 ","117.70 ","83      ","159     ","18,782,050    ","118.12 ","117.80 ","129.55 ","106.05 "
BODY,"","","某基","","","","","","","","","","","",""
BODY,"64251","龅o@    ","单基","134.00 ","+4.00  ","128.20 ","134.00 ","128.20 ","9       ","9       ","1,183,400     ","129.04 ","134.00 ","147.40 ","120.60 "
BODY,"","","某基","128.20 ","-1.80  ","","128.20 ","128.20 ","1       ","26      ","3,333,200     ","","","",""
BODY,"64324","さi欹|  ","单基","","","","","","","","","108.00 ","108.00 ","118.80 ","97.20  "
BODY,"","","某基","","","","","","","","","","","",""
BODY,"64382","ǔoG    ","单基","","","","","","","","","195.66 ","183.00 ","201.00 ","165.00 "
BODY,"","","某基","","","","","","","","","","","",""
BODY,"64421","t@    ","单基","115.50 ","-1.45  ","115.70 ","115.95 ","114.90 ","15      ","39      ","4,493,000     ","115.20 ","115.50 ","127.05 ","103.95 "
BODY,"","","某基","","","","","","","","","","","",""
BODY,"64512","T浃GKY  ","单基","100.70 ","-1.80  ","102.30 ","102.30 ","100.20 ","146     ","779     ","78,613,700    ","100.91 ","100.70 ","110.75 ","90.65  "
BODY,"","","某基","","","","","","","","","","","",""
BODY,"64692","j攫G    ","单基","105.00 ","+1.05  ","105.00 ","105.40 ","105.00 ","6       ","12      ","1,261,950     ","105.16 ","105.00 ","115.50 ","94.50  "
BODY,"","","某基","","","","","","","","","","","",""
BODY,"64723","O风T    ","单基","149.50 ","+0.20  ","148.00 ","150.00 ","148.00 ","29      ","59      ","8,825,500     ","149.58 ","149.50 ","164.00 ","134.55 "
BODY,"","","某基","","","","","","","","","","","",""
BODY,"64773","w栋T    ","单基","","","","","","","","","99.43  ","98.90  ","108.75 ","89.05  "
BODY,"","","某基","","","","","","","","","","","",""
BODY,"64774","w栋|    ","单基","99.20  ","-0.20  ","99.40  ","99.40  ","99.15  ","3       ","8       ","793,700       ","99.21  ","99.20  ","109.10 ","89.30  "
BODY,"","","某基","","","","","","","","","","","",""
BODY,"65096","EMせ    ","单基","109.90 ","-2.05  ","109.90 ","109.90 ","109.90 ","1       ","1       ","109,900       ","109.90 ","109.90 ","120.85 ","98.95  "
BODY,"","","某基","","","","","","","","","","","",""
BODY,"65461","タ膀@    ","单基","111.50 ","+1.40  ","111.50 ","111.50 ","111.50 ","1       ","1       ","111,500       ","111.50 ","111.50 ","122.65 ","100.35 "
BODY,"","","某基","","","","","","","","","","","",""
BODY,"65471","蔼狠汰]@","单基","","","","","","","","","99.30  ","99.30  ","109.20 ","89.40  "
BODY,"","","某基","","","","","","","","","","","",""
BODY,"65521","龅毓q@  ","单基","101.50 ","-1.05  ","101.50 ","101.50 ","101.50 ","2       ","2       ","203,000       ","101.50 ","101.50 ","111.65 ","91.35  "
BODY,"","","某基","","","","","","","","","","","",""
BODY,"65841","nT瓣悔@","单基","108.00 ","-0.50  ","108.45 ","108.50 ","107.05 ","9       ","35      ","3,788,600     ","108.24 ","108.00 ","118.80 ","97.20  "
BODY,"","","某基","","","","","","","","","","","",""
BODY,"65842","nT瓣悔G","单基","","","","","","","","","100.00 ","100.00 ","110.00 ","90.00  "
BODY,"","","某基","","","","","","","","","","","",""
BODY,"65851","供膀@    ","单基","149.00 ","+1.00  ","147.00 ","149.00 ","147.00 ","7       ","15      ","2,215,000     ","147.66 ","149.00 ","163.00 ","134.10 "
BODY,"","","某基","","","","","","","","","","","",""
BODY,"65852","供膀G    ","单基","151.00 ","-4.00  ","150.00 ","151.00 ","150.00 ","3       ","15      ","2,260,000     ","150.66 ","151.00 ","166.00 ","135.90 "
BODY,"","","某基","","","","","","","","","","","",""
BODY,"65913","笆OTKY  ","单基","","","","","","","","","144.55 ","143.00 ","157.00 ","128.70 "
BODY,"","","某基","","","","","","","","","","","",""
BODY,"65931","xW皇O@","单基","","","","","","","","","445.00 ","298.00 ","327.00 ","269.00 "
BODY,"","","某基","","","","","","","","","","","",""
BODY,"66033","Ij胜T  ","单基","","","","","","","","","106.18 ","106.10 ","116.70 ","95.50  "
BODY,"","","某基","","","","","","","","","","","",""
BODY,"66163","S@TKY  ","单基","","","","","","","","","95.55  ","95.60  ","105.15 ","86.05  "
BODY,"","","某基","","","","","","","","","","","",""
BODY,"66241","U~M@  ","单基","","","","","","","","","106.20 ","106.80 ","117.45 ","96.15  "
BODY,"","","某基","","","","","","","","","","","",""
BODY,"66292","酹鳏GKY  ","单基","113.50 ","-0.50  ","113.50 ","113.50 ","113.50 ","1       ","3       ","340,500       ","113.50 ","113.50 ","124.85 ","102.15 "
BODY,"","","某基","","","","","","","","","","","",""
BODY,"66411","膀hw@KY","单基","96.00  ","-0.30  ","96.00  ","96.00  ","96.00  ","1       ","1       ","96,000        ","96.00  ","96.00  ","105.60 ","86.40  "
BODY,"","","某基","","","","","","","","","","","",""
BODY,"66451","鞲UL@承","单基","106.90 ","","106.95 ","106.95 ","106.90 ","3       ","11      ","1,176,300     ","106.93 ","106.90 ","117.55 ","96.25  "
BODY,"","","某基","","","","","","","","","","","",""
BODY,"66641","s嘱@    ","单基","","","","","","","","","320.00 ","320.00 ","352.00 ","288.00 "
BODY,"","","某基","","","","","","","","","","","",""
BODY,"66642","s嘱G    ","单基","104.55 ","-0.75  ","104.60 ","104.65 ","104.55 ","10      ","25      ","2,614,800     ","104.59 ","104.55 ","115.00 ","94.10  "
BODY,"","","某基","","","","","","","","","","","",""
BODY,"66701","_脖莱ノ@","单基","198.00 ","-1.00  ","198.00 ","199.00 ","197.00 ","27      ","74      ","14,646,000    ","197.91 ","198.00 ","217.00 ","179.00 "
BODY,"","","某基","","","","","","","","","","","",""
BODY,"66801","食泄ql@","单基","127.00 ","-1.80  ","126.15 ","127.20 ","126.15 ","17      ","31      ","3,932,900     ","126.86 ","127.00 ","139.70 ","114.30 "
BODY,"","","某基","","","","","","","","","","","",""
BODY,"67062","fSG    ","单基","95.00  ","-1.40  ","96.40  ","96.40  ","95.00  ","2       ","121     ","11,663,000    ","96.38  ","95.00  ","104.50 ","85.50  "
BODY,"","","某基","","","","","","","","","","","",""
BODY,"67152","古膀G    ","单基","","","","","","","","","118.00 ","117.50 ","129.25 ","105.75 "
BODY,"","","某基","","","","","","","","","","","",""
BODY,"67531","swy差@","单基","111.40 ","-0.30  ","110.55 ","111.45 ","110.45 ","7       ","61      ","6,749,400     ","110.64 ","111.40 ","122.50 ","100.30 "
BODY,"","","某基","","","","","","","","","","","",""
BODY,"67611","铆o@    ","单基","","","","","","","","","125.62 ","123.05 ","135.35 ","110.75 "
BODY,"","","某基","","","","","","","","","","","",""
BODY,"67681","вj@KY  ","单基","154.00 ","-3.00  ","153.00 ","154.00 ","149.00 ","15      ","35      ","5,318,400     ","151.95 ","154.00 ","169.00 ","138.60 "
BODY,"","","某基","","","","","","","","","","","",""
BODY,"67961","圣挨@    ","单基","","","","","","","","","97.00  ","97.00  ","106.70 ","87.30  "
BODY,"","","某基","","","","","","","","","","","",""
BODY,"68041","Y@    ","单基","","","","","","","","","96.00  ","96.00  ","105.60 ","86.40  "
BODY,"","","某基","","","","","","","","","","","",""
BODY,"68061","此Q喾饯@","单基","","","","","","","","","113.90 ","113.60 ","124.95 ","102.25 "
BODY,"","","某基","","","","","","","","","","","",""
BODY,"68231","o啶@    ","单基","","","","","","","","","109.00 ","103.45 ","113.75 ","93.15  "
BODY,"","","某基","","","","","","","","","","","",""
BODY,"68301","ζ煌@    ","单基","111.05 ","-1.20  ","112.10 ","112.10 ","111.00 ","5       ","6       ","669,650       ","111.60 ","111.05 ","122.15 ","99.95  "
BODY,"","","某基","","","","","","","","","","","",""
BODY,"68351","蛾肝@    ","单基","112.50 ","","112.50 ","112.50 ","112.50 ","1       ","5       ","562,500       ","112.50 ","112.50 ","123.75 ","101.25 "
BODY,"","","某基","","","","","","","","","","","",""
BODY,"68401","F惬HW@","单基","99.00  ","-0.10  ","99.00  ","99.00  ","99.00  ","1       ","1       ","99,000        ","99.00  ","99.00  ","108.90 ","89.10  "
BODY,"","","某基","","","","","","","","","","","",""
BODY,"68541","脲承歆蓼@KY承","单基","108.50 ","-1.50  ","109.70 ","111.50 ","108.20 ","309     ","1,744   ","190,979,550   ","109.50 ","108.50 ","119.35 ","97.65  "
BODY,"","","某基","","","","","","","","","","","",""
BODY,"68631","ッD@KY  ","单基","109.00 ","-0.05  ","109.00 ","109.00 ","109.00 ","8       ","28      ","3,052,000     ","109.00 ","109.00 ","119.90 ","98.10  "
BODY,"","","某基","","","","","","","","","","","",""
BODY,"68701","乃冻@    ","单基","105.50 ","-0.50  ","105.50 ","105.50 ","105.50 ","1       ","15      ","1,582,500     ","105.50 ","105.50 ","116.05 ","94.95  "
BODY,"","","某基","","","","","","","","","","","",""
BODY,"68702","乃冻G    ","单基","107.00 ","-1.00  ","107.95 ","107.95 ","107.00 ","4       ","72      ","7,753,150     ","107.68 ","107.00 ","117.70 ","96.30  "
BODY,"","","某基","","","","","","","","","","","",""
BODY,"68731","lw喾饯@","单基","","","","","","","","","203.92 ","200.00 ","220.00 ","180.00 "
BODY,"","","某基","","","","","","","","","","","",""
BODY,"68741","郡O@    ","单基","","","","","","","","","106.49 ","106.50 ","117.15 ","95.85  "
BODY,"","","某基","","","","","","","","","","","",""
BODY,"80273","g@T    ","单基","","","","","","","","","146.04 ","145.20 ","159.00 ","130.70 "
BODY,"","","某基","","","","","","","","","","","",""
BODY,"80282","@锭b旧砰G","单基","109.00 ","-9.70  ","118.70 ","118.70 ","108.50 ","257     ","1,302   ","144,128,400   ","110.69 ","109.00 ","119.90 ","98.10  "
BODY,"","","某基","","","","","","","","","","","",""
BODY,"80506","snせ    ","单基","116.20 ","-2.80  ","116.20 ","116.20 ","116.20 ","2       ","2       ","232,400       ","116.20 ","116.20 ","127.80 ","104.60 "
BODY,"","","某基","","","","","","","","","","","",""
BODY,"80914","稻W|    ","单基","","","","","","","","","114.00 ","111.60 ","122.75 ","100.45 "
BODY,"","","某基","","","","","","","","","","","",""
BODY,"80924","剌楼|    ","单基","","","","","","","","","150.00 ","150.00 ","165.00 ","135.00 "
BODY,"","","某基","","","","","","","","","","","",""
BODY,"81042","脘_G    ","单基","","","","","","","","","101.20 ","101.20 ","111.30 ","91.10  "
BODY,"","","某基","","","","","","","","","","","",""
BODY,"811210","埭WQ    ","单基","","","","","","","","","104.52 ","104.50 ","114.95 ","94.05  "
BODY,"","","某基","","","","","","","","","","","",""
BODY,"81129","埭WE    ","单基","147.60 ","-0.75  ","147.60 ","147.60 ","147.60 ","1       ","1       ","147,600       ","147.60 ","147.60 ","162.00 ","132.85 "
BODY,"","","某基","","","","","","","","","","","",""
BODY,"81473","タ真T    ","单基","113.00 ","-2.00  ","115.00 ","115.00 ","113.00 ","4       ","9       ","1,019,000     ","113.22 ","113.00 ","124.30 ","101.70 "
BODY,"","","某基","","","","","","","","","","","",""
BODY,"81551","痴醇@    ","单基","108.00 ","-1.35  ","109.35 ","109.35 ","108.00 ","16      ","57      ","6,178,800     ","108.20 ","108.00 ","118.80 ","97.20  "
BODY,"","","某基","108.15 ","-1.20  ","","108.15 ","108.15 ","1       ","201     ","21,738,150    ","","","",""
BODY,"81714","ぱt|    ","单基","","","","","","","","","122.26 ","121.50 ","133.65 ","109.35 "
BODY,"","","某基","","","","","","","","","","","",""
BODY,"81715","ぱtき    ","单基","108.60 ","-2.40  ","108.70 ","108.70 ","107.60 ","3       ","19      ","2,062,500     ","108.55 ","108.60 ","119.45 ","97.75  "
BODY,"","","某基","","","","","","","","","","","",""
BODY,"82101","对港@    ","单基","118.50 ","-1.20  ","119.50 ","119.50 ","118.50 ","3       ","16      ","1,906,000     ","119.12 ","118.50 ","130.35 ","106.65 "
BODY,"","","某基","","","","","","","","","","","",""
BODY,"82551","B{@    ","单基","106.10 ","-1.90  ","106.20 ","106.20 ","106.10 ","4       ","7       ","743,200       ","106.17 ","106.10 ","116.70 ","95.50  "
BODY,"","","某基","","","","","","","","","","","",""
BODY,"82992","spG    ","单基","114.50 ","-1.10  ","115.50 ","115.60 ","114.00 ","62      ","241     ","27,612,500    ","114.57 ","114.50 ","125.95 ","103.05 "
BODY,"","","某基","","","","","","","","","","","",""
BODY,"83494","谀％|    ","单基","","","","","","","","","152.00 ","152.00 ","167.00 ","136.80 "
BODY,"","","某基","","","","","","","","","","","",""
BODY,"83742","霉@G    ","单基","107.50 ","-2.90  ","106.00 ","107.50 ","106.00 ","8       ","32      ","3,394,300     ","106.07 ","107.50 ","118.25 ","96.75  "
BODY,"","","某基","","","","","","","","","","","",""
BODY,"84112","褐sGKY  ","单基","","","","","","","","","98.20  ","98.65  ","108.50 ","88.80  "
BODY,"","","某基","","","","","","","","","","","",""
BODY,"84221","i圭矫@  ","单基","122.55 ","+0.35  ","122.45 ","122.55 ","122.00 ","20      ","58      ","7,096,150     ","122.34 ","122.55 ","134.80 ","110.30 "
BODY,"","","某基","","","","","","","","","","","",""
BODY,"84331","グ|@    ","单基","","","","","","","","","128.41 ","127.50 ","140.25 ","114.75 "
BODY,"","","某基","","","","","","","","","","","",""
BODY,"84332","グ|G    ","单基","102.00 ","","102.00 ","102.00 ","102.00 ","1       ","1       ","102,000       ","102.00 ","102.00 ","112.20 ","91.80  "
BODY,"","","某基","","","","","","","","","","","",""
BODY,"84333","グ|T    ","单基","","","","","","","","","100.00 ","100.10 ","110.10 ","90.10  "
BODY,"","","某基","","","","","","","","","","","",""
BODY,"84421","搂护@KY  ","单基","","","","","","","","","194.00 ","190.00 ","209.00 ","171.00 "
BODY,"","","某基","","","","","","","","","","","",""
BODY,"84422","搂护GKY  ","单基","139.00 ","","139.00 ","139.00 ","139.00 ","1       ","5       ","695,000       ","139.00 ","139.00 ","152.00 ","125.10 "
BODY,"","","某基","","","","","","","","","","","",""
BODY,"84623","fゅT    ","单基","","","","","","","","","108.45 ","107.95 ","118.70 ","97.20  "
BODY,"","","某基","","","","","","","","","","","",""
BODY,"84662","NNGKY","单基","","","","","","","","","99.93  ","100.00 ","110.00 ","90.00  "
BODY,"","","某基","","","","","","","","","","","",""
BODY,"84672","iOGKY  ","单基","","","","","","","","","153.00 ","152.00 ","167.00 ","136.80 "
BODY,"","","某基","","","","","","","","","","","",""
BODY,"84673","iOTKY  ","单基","","","","","","","","","126.00 ","125.00 ","137.50 ","112.50 "
BODY,"","","某基","","","","","","","","","","","",""
BODY,"84732","sL簸G  ","单基","116.00 ","+2.00  ","114.00 ","116.00 ","114.00 ","3       ","11      ","1,256,000     ","114.18 ","116.00 ","127.60 ","104.40 "
BODY,"","","某基","","","","","","","","","","","",""
BODY,"84781","F艄C弗@","单基","96.05  ","","96.05  ","96.05  ","96.00  ","4       ","16      ","1,536,250     ","96.01  ","96.05  ","105.65 ","86.45  "
BODY,"","","某基","","","","","","","","","","","",""
BODY,"84881","N方@KY  ","单基","101.95 ","+0.75  ","101.20 ","101.95 ","101.20 ","2       ","6       ","610,950       ","101.82 ","101.95 ","112.10 ","91.80  "
BODY,"","","某基","","","","","","","","","","","",""
BODY,"84891","Tīw@  ","单基","","","","","","","","","117.00 ","118.00 ","129.80 ","106.20 "
BODY,"","","某基","","","","","","","","","","","",""
BODY,"89277","_膀C    ","单基","115.00 ","-0.50  ","117.00 ","118.00 ","115.00 ","3       ","10      ","1,161,000     ","116.10 ","115.00 ","126.50 ","103.50 "
BODY,"","","某基","","","","","","","","","","","",""
BODY,"89278","_膀K    ","单基","","","","","","","","","119.98 ","115.00 ","126.50 ","103.50 "
BODY,"","","某基","","","","","","","","","","","",""
BODY,"89383","wT    ","单基","113.70 ","-0.10  ","113.95 ","114.45 ","113.70 ","20      ","40      ","4,555,450     ","113.88 ","113.70 ","125.05 ","102.35 "
BODY,"","","某基","","","","","","","","","","","",""
BODY,"89964","蔼O|    ","单基","","","","","","","","","140.55 ","133.70 ","147.05 ","120.35 "
BODY,"","","某基","","","","","","","","","","","",""
BODY,"98026","啾霍せKY  ","单基","134.00 ","-1.50  ","134.50 ","135.80 ","134.00 ","13      ","29      ","3,915,000     ","135.00 ","134.00 ","147.40 ","120.60 "
BODY,"","","某基","","","","","","","","","","","",""
BODY,"99063","YぺぺT  ","单基","104.90 ","-1.30  ","105.65 ","105.95 ","104.90 ","75      ","289     ","30,412,900    ","105.23 ","104.90 ","115.35 ","94.45  "
BODY,"","","某基","","","","","","","","","","","",""
BODY,"99211","エj@    ","单基","99.80  ","-0.10  ","99.80  ","99.80  ","99.80  ","6       ","25      ","2,495,000     ","99.80  ","99.80  ","109.75 ","89.85  "
BODY,"","","某基","","","","","","","","","","","",""
BODY,"99332","い供G    ","单基","104.00 ","+0.25  ","104.80 ","104.80 ","104.00 ","3       ","8       ","833,600       ","104.20 ","104.00 ","114.40 ","93.60  "
BODY,"","","某基","","","","","","","","","","","",""
BODY,"99353","y伦IT  ","单基","109.00 ","-3.00  ","113.50 ","113.50 ","109.00 ","8       ","41      ","4,510,550     ","110.01 ","109.00 ","119.90 ","98.10  "
BODY,"","","某基","","","","","","","","","","","",""
BODY,"99392","ЩG    ","单基","112.00 ","-1.30  ","113.10 ","113.10 ","112.00 ","43      ","183     ","20,553,600    ","112.31 ","112.00 ","123.20 ","100.80 "
BODY,"","","某基","","","","","","","","","","","",""
BODY,"99412","肝磕G    ","单基","96.40  ","","96.40  ","96.45  ","96.40  ","6       ","35      ","3,374,050     ","96.40  ","96.40  ","106.00 ","86.80  "
BODY,"","","某基","","","","","","","","","","","",""
BODY,"99587","@隹C  ","单基","104.60 ","-0.90  ","105.00 ","105.00 ","104.00 ","20      ","166     ","17,332,450    ","104.41 ","104.60 ","115.05 ","94.15  "
BODY,"","","某基","","","","","","","","","","","",""
BODY,"99588","@隹Kッ","单基","106.20 ","-0.30  ","105.00 ","107.00 ","105.00 ","13      ","56      ","5,884,800     ","105.08 ","106.20 ","116.80 ","95.60  "
BODY,"","","某基","","","","","","","","","","","",""
BODY,"Xp","","","","","","","","4,185","19,580","2,184,536,400","","","",""
GLOSS,"’锣(ユ)传そq杜H泵Bsx刽QUじ挨@Θユ虫"
GLOSS,"’锣(ユ)传そq杜基妞@撺Hκじ基姝p衡"
